company,job_title,jobsite,location,url
IBM,2018 Data Scientist Internship,Indeed,Austin TX 73344,/rc/clk?jk=7efe33d6388ee124&fccid=de71a49b535e21cb
IBM,2018 Senior Data Scientist Internship,Indeed,Austin TX 73344,/rc/clk?jk=c9d2d46405354ccd&fccid=de71a49b535e21cb
IBM,Cognitive / AI / Machine Learning Software Developer Internship 2018,Indeed,Austin TX 73344,/rc/clk?jk=f703d866bcbe77f9&fccid=de71a49b535e21cb
IBM,2018 Sr. Cognitive /AI/ Machine Learning Software Developer Internship,Indeed,Austin TX 73344,/rc/clk?jk=b498447940edee49&fccid=de71a49b535e21cb
IBM,Watson Health - Data Scientist,Indeed,Austin TX 73344,/rc/clk?jk=c1bc88d1fbfd8c88&fccid=de71a49b535e21cb
Texan by Nature,Data Analysis Intern,Indeed,Austin TX,/company/Texan-by-Nature/jobs/Data-Analysis-Intern-bea8c0de2a0a3612?fccid=60272c3302a8e071
CDK Global,Software Development Internship - Austin,Indeed,Austin TX,/rc/clk?jk=1cebb889b301d804&fccid=cf4c744760f4998e
Colorado River Alliance,Program Coordinator,Indeed,Austin TX,/rc/clk?jk=c043d42b087af77e&fccid=1153f9b6a570cbf3
Charles Schwab,2018 Schwab Intern Academy: Analytics and Business Insight Intern Track,Indeed,Austin TX 73344,/rc/clk?jk=16079903e7c0f8c6&fccid=3c74eafe288fc8ca
Nano Global,Engineering Product Development Intern,Indeed,Austin TX,/rc/clk?jk=eee8a480cce817fd&fccid=ee3c12953393e88f
Rocket Software,Data Scientist Intern (Summer 2018),Indeed,Austin TX,/rc/clk?jk=714676ddbd902349&fccid=f9684e7d32b8c49e
Rocket Software,Machine Learning Intern (Summer 2018),Indeed,Austin TX,/rc/clk?jk=00a38c7959224bff&fccid=f9684e7d32b8c49e
CACI,Software Developer Internship,Indeed,Austin TX 78759 (Arboretum area),/rc/clk?jk=6e38c6fe54d5bbb4&fccid=290a4498a64fc044
Atlassian,2018 Summer Software Developer Intern - Austin TX,Indeed,Austin TX,/rc/clk?jk=aad2c4a5eff31e29&fccid=e6d4ba9e2cfe7902
National Instruments,Business Application Development Intern 2018,Indeed,Austin TX,/rc/clk?jk=d77449177cfb64e1&fccid=9f94228dbf8b1bd3
National instrument,Business Application Development Intern 2018,Indeed,Austin TX,/rc/clk?jk=5d15580167f2b46b&fccid=263d9a07b538b758
